TEAM_ID,SEASON,W_PCT,PTS,REB,AST,TOV,FG_PCT,FG3_PCT,FT_PCT,STL,BLK,OREB,DREB,PF,OFF_RATING,DEF_RATING,NET_RATING,PACE,TS_PCT,AST_PCT,REB_PCT,TM_TOV_PCT
1610612737,2015-16,0.585,102.8,42.1,25.6,15.0,0.458,0.35,0.783,9.1,5.9,8.3,33.8,19.1,104.6,100.8,3.9,97.63,0.552,0.663,0.474,0.152
1610612738,2015-16,0.585,105.7,44.9,24.2,13.7,0.439,0.335,0.788,9.2,4.2,11.6,33.3,21.9,105.8,102.5,3.3,99.43,0.531,0.616,0.495,0.138
1610612751,2015-16,0.256,98.6,42.4,22.3,14.8,0.453,0.352,0.757,7.6,4.0,10.5,31.9,18.0,102.4,109.7,-7.4,96.12,0.527,0.583,0.494,0.153
1610612766,2015-16,0.585,103.4,43.9,21.7,12.5,0.439,0.362,0.79,7.3,5.3,9.0,35.0,18.1,106.4,103.7,2.7,96.24,0.545,0.586,0.499,0.129
1610612741,2015-16,0.512,101.6,46.3,22.8,13.9,0.441,0.371,0.787,6.0,5.7,11.1,35.2,18.8,104.1,105.5,-1.4,96.6,0.526,0.591,0.506,0.142
1610612739,2015-16,0.695,104.3,44.5,22.7,13.6,0.46,0.362,0.748,6.7,3.9,10.6,33.9,20.3,110.2,103.9,6.3,93.82,0.558,0.587,0.519,0.143
1610612742,2015-16,0.512,102.3,43.1,22.1,12.8,0.444,0.344,0.794,6.8,3.7,9.2,33.9,19.5,105.5,105.9,-0.4,95.34,0.544,0.592,0.484,0.132
1610612743,2015-16,0.402,101.9,44.6,22.7,14.7,0.442,0.338,0.766,7.4,4.8,11.5,33.1,21.0,104.9,108.2,-3.3,96.34,0.531,0.601,0.513,0.151
1610612765,2015-16,0.537,102.0,46.3,19.4,13.5,0.439,0.345,0.668,7.0,3.7,12.5,33.9,19.0,105.3,104.9,0.3,95.75,0.522,0.512,0.521,0.14
1610612744,2015-16,0.89,114.9,46.2,28.9,15.2,0.487,0.416,0.763,8.4,6.1,10.0,36.2,20.7,113.5,102.8,10.6,100.24,0.593,0.68,0.507,0.15
1610612745,2015-16,0.5,106.5,43.1,22.2,15.9,0.452,0.347,0.694,10.0,5.2,11.3,31.7,21.8,107.3,107.3,0.0,98.42,0.553,0.589,0.492,0.161
1610612754,2015-16,0.549,102.2,44.2,21.2,14.9,0.45,0.351,0.764,9.0,4.8,10.3,33.9,20.0,103.8,102.2,1.6,97.35,0.536,0.554,0.494,0.151
1610612746,2015-16,0.646,104.5,42.0,22.8,13.0,0.465,0.364,0.692,8.6,5.6,8.8,33.3,21.3,107.2,102.7,4.5,96.81,0.556,0.596,0.472,0.133
1610612747,2015-16,0.207,97.3,43.0,18.0,13.7,0.414,0.317,0.781,7.2,4.1,10.7,32.3,20.3,100.7,110.3,-9.7,96.55,0.509,0.513,0.484,0.142
1610612763,2015-16,0.512,99.1,41.6,20.7,13.3,0.44,0.331,0.783,8.8,4.3,11.2,30.5,21.7,104.7,107.1,-2.4,93.95,0.524,0.562,0.495,0.14
1610612748,2015-16,0.585,100.0,44.1,20.8,14.1,0.47,0.336,0.744,6.7,6.5,9.8,34.3,18.3,105.5,103.7,1.7,94.14,0.545,0.543,0.512,0.148
1610612749,2015-16,0.402,99.0,41.7,23.1,15.2,0.467,0.345,0.747,8.2,5.8,10.5,31.2,20.7,103.4,107.8,-4.5,95.05,0.537,0.603,0.49,0.159
1610612750,2015-16,0.354,102.4,41.6,23.4,15.0,0.464,0.338,0.792,8.0,4.6,10.0,31.5,20.7,105.4,109.0,-3.5,96.2,0.549,0.619,0.494,0.155
1610612740,2015-16,0.366,102.7,42.6,22.2,13.4,0.448,0.36,0.776,7.7,4.2,9.5,33.1,20.9,104.8,108.4,-3.7,97.64,0.537,0.577,0.493,0.137
1610612752,2015-16,0.39,98.4,44.4,20.5,13.4,0.439,0.346,0.805,5.7,5.7,10.4,34.0,19.7,103.9,106.7,-2.8,94.12,0.527,0.557,0.502,0.142
1610612760,2015-16,0.671,110.2,48.6,23.0,15.9,0.476,0.349,0.782,7.4,5.9,13.1,35.6,20.6,112.1,104.8,7.4,97.54,0.565,0.558,0.541,0.162
1610612753,2015-16,0.427,102.1,43.3,23.6,14.1,0.455,0.35,0.757,8.2,5.1,10.3,33.0,20.7,104.4,106.0,-1.6,96.68,0.533,0.596,0.495,0.144
1610612755,2015-16,0.122,97.4,41.2,21.5,16.4,0.431,0.339,0.694,8.3,6.0,9.5,31.8,21.7,98.4,108.6,-10.2,98.44,0.519,0.594,0.466,0.165
1610612756,2015-16,0.28,100.9,44.8,20.7,17.2,0.435,0.348,0.751,7.7,3.8,11.5,33.3,22.7,101.5,107.9,-6.5,99.39,0.526,0.558,0.508,0.173
1610612757,2015-16,0.537,105.1,45.5,21.3,14.6,0.45,0.37,0.754,6.9,4.6,11.6,33.9,21.7,107.6,106.8,0.8,97.06,0.548,0.552,0.51,0.15
1610612758,2015-16,0.402,106.6,44.2,24.5,16.2,0.464,0.359,0.725,8.9,4.5,10.6,33.7,20.4,105.3,107.6,-2.3,100.66,0.546,0.612,0.5,0.16
1610612759,2015-16,0.817,103.5,43.9,24.5,13.1,0.484,0.375,0.803,8.3,5.9,9.4,34.5,17.5,109.3,98.2,11.1,94.54,0.564,0.611,0.516,0.138
1610612761,2015-16,0.683,102.7,43.4,18.7,13.1,0.451,0.37,0.777,7.8,5.5,10.2,33.2,19.6,109.3,104.8,4.4,93.35,0.552,0.511,0.52,0.139
1610612762,2015-16,0.488,97.7,43.2,19.0,14.9,0.449,0.355,0.744,7.7,5.2,10.7,32.5,20.2,105.0,103.2,1.8,91.66,0.54,0.526,0.517,0.161
1610612764,2015-16,0.5,104.1,41.8,24.5,14.5,0.46,0.358,0.73,8.6,3.9,9.1,32.8,20.8,104.5,105.1,-0.5,99.16,0.544,0.619,0.49,0.145
1610612737,2016-17,0.524,103.2,44.3,23.6,15.8,0.451,0.341,0.728,8.2,4.8,10.3,34.1,18.2,104.5,105.2,-0.7,97.76,0.541,0.621,0.502,0.16
1610612738,2016-17,0.646,108.0,42.0,25.2,13.3,0.454,0.359,0.807,7.5,4.1,9.1,32.9,20.6,110.6,108.0,2.6,97.21,0.567,0.653,0.485,0.136
1610612751,2016-17,0.244,105.8,43.9,21.4,16.5,0.444,0.338,0.788,7.2,4.7,8.8,35.1,21.0,103.6,110.1,-6.5,101.75,0.551,0.566,0.483,0.162
1610612766,2016-17,0.439,104.9,43.6,23.1,11.5,0.442,0.351,0.815,7.0,4.8,8.8,34.8,16.6,108.4,108.4,0.0,95.92,0.547,0.611,0.496,0.119
1610612741,2016-17,0.5,102.9,46.3,22.6,13.6,0.444,0.34,0.798,7.8,4.8,12.2,34.1,17.7,106.5,106.2,0.3,96.02,0.53,0.584,0.519,0.14
1610612739,2016-17,0.622,110.3,43.7,22.7,13.7,0.47,0.384,0.748,6.6,4.0,9.3,34.4,18.1,112.8,109.7,3.1,96.74,0.58,0.567,0.499,0.14
1610612742,2016-17,0.402,97.9,38.6,20.8,11.9,0.44,0.355,0.801,7.5,3.7,7.9,30.7,19.1,104.7,107.7,-3.0,93.11,0.541,0.574,0.465,0.127
1610612743,2016-17,0.488,111.7,46.4,25.3,15.0,0.469,0.368,0.774,6.9,3.9,11.8,34.6,19.1,112.2,111.7,0.4,99.18,0.568,0.615,0.532,0.15
1610612765,2016-17,0.451,101.3,45.7,21.1,11.9,0.449,0.33,0.719,7.0,3.8,11.1,34.6,17.9,105.3,106.7,-1.4,95.52,0.521,0.53,0.519,0.123
1610612744,2016-17,0.817,115.9,44.4,30.4,14.8,0.495,0.383,0.788,9.6,6.8,9.4,35.0,19.3,114.8,103.4,11.4,100.37,0.597,0.705,0.504,0.146
1610612745,2016-17,0.671,115.3,44.4,25.2,15.1,0.462,0.357,0.766,8.2,4.3,10.9,33.5,19.9,114.1,108.4,5.7,100.55,0.583,0.626,0.499,0.15
1610612754,2016-17,0.512,105.1,42.0,22.5,13.8,0.465,0.376,0.81,8.2,5.0,9.0,33.0,19.5,107.9,108.1,-0.2,96.59,0.558,0.572,0.488,0.141
1610612746,2016-17,0.622,108.7,43.0,22.5,13.0,0.475,0.375,0.745,7.5,4.2,9.0,34.0,19.8,111.8,107.5,4.4,96.77,0.574,0.57,0.501,0.133
1610612747,2016-17,0.317,104.6,43.5,20.9,15.2,0.45,0.346,0.754,8.2,3.9,11.4,32.1,20.7,105.3,112.0,-6.7,99.26,0.537,0.532,0.494,0.153
1610612763,2016-17,0.524,100.5,42.8,21.3,12.9,0.435,0.354,0.784,8.0,4.2,10.8,32.0,22.4,107.0,106.5,0.5,92.84,0.535,0.584,0.507,0.137
1610612748,2016-17,0.5,103.2,43.6,21.2,13.4,0.455,0.365,0.706,7.2,5.7,10.6,33.0,20.5,107.4,106.4,1.0,95.51,0.541,0.544,0.499,0.14
1610612749,2016-17,0.512,103.6,40.4,24.2,14.0,0.474,0.37,0.768,8.1,5.3,8.8,31.6,20.2,108.5,108.7,-0.2,94.99,0.565,0.624,0.487,0.146
1610612750,2016-17,0.378,105.6,42.4,23.7,14.0,0.467,0.349,0.799,8.0,4.5,11.4,31.0,20.1,110.0,110.9,-0.9,95.48,0.555,0.6,0.507,0.146
1610612740,2016-17,0.415,104.3,43.7,22.8,12.9,0.45,0.35,0.75,7.8,5.5,8.6,35.1,18.2,104.7,106.8,-2.1,98.56,0.539,0.582,0.48,0.129
1610612752,2016-17,0.378,104.3,45.2,21.8,13.9,0.447,0.348,0.788,7.1,5.5,12.0,33.2,20.3,107.1,110.7,-3.6,96.63,0.534,0.551,0.5,0.143
1610612760,2016-17,0.573,106.6,46.6,21.0,15.0,0.452,0.327,0.745,7.9,5.0,12.2,34.4,20.9,107.9,107.1,0.8,98.18,0.54,0.532,0.528,0.152
1610612753,2016-17,0.354,101.1,43.2,22.2,13.3,0.44,0.328,0.747,7.1,4.8,9.8,33.3,19.3,103.7,110.3,-6.5,96.9,0.524,0.58,0.491,0.137
1610612755,2016-17,0.341,102.4,42.8,23.8,16.7,0.442,0.34,0.771,8.4,5.1,9.8,33.0,21.9,102.7,108.2,-5.5,99.07,0.539,0.631,0.49,0.167
1610612756,2016-17,0.293,107.7,45.0,19.6,15.4,0.45,0.332,0.776,8.2,4.9,11.9,33.1,24.8,106.1,111.3,-5.2,100.85,0.538,0.491,0.503,0.152
1610612757,2016-17,0.5,107.9,43.7,21.1,13.7,0.459,0.375,0.78,7.0,5.0,10.1,33.5,21.2,109.4,110.0,-0.6,97.38,0.559,0.534,0.496,0.139
1610612758,2016-17,0.39,102.8,41.1,22.5,14.6,0.461,0.376,0.775,7.6,4.0,8.7,32.3,20.3,106.6,110.8,-4.2,95.42,0.556,0.594,0.492,0.152
1610612759,2016-17,0.744,105.3,43.9,23.8,13.4,0.469,0.391,0.797,8.0,5.9,10.0,33.9,18.3,110.3,102.9,7.4,94.86,0.564,0.606,0.511,0.141
1610612761,2016-17,0.622,106.9,43.3,18.5,12.7,0.464,0.363,0.796,8.3,4.9,10.6,32.6,20.8,111.4,107.1,4.3,95.41,0.561,0.472,0.505,0.132
1610612762,2016-17,0.622,100.7,43.2,20.1,13.6,0.466,0.372,0.747,6.7,5.0,9.4,33.8,18.8,109.0,104.7,4.3,92.09,0.563,0.544,0.514,0.148
1610612764,2016-17,0.598,109.2,42.9,23.9,14.2,0.475,0.372,0.784,8.5,4.1,10.3,32.6,21.3,110.4,108.8,1.7,97.94,0.564,0.577,0.501,0.143
1610612737,2017-18,0.293,103.4,41.9,23.7,15.5,0.446,0.36,0.785,7.8,4.2,9.1,32.8,19.6,104.4,110.1,-5.7,98.76,0.547,0.622,0.489,0.157
1610612738,2017-18,0.671,104.0,44.5,22.5,14.0,0.45,0.377,0.771,7.4,4.5,9.4,35.1,19.7,106.8,103.2,3.6,96.75,0.552,0.586,0.504,0.144
1610612751,2017-18,0.341,106.6,44.4,23.7,15.2,0.441,0.356,0.772,6.2,4.8,9.7,34.8,20.6,106.1,109.7,-3.6,99.66,0.551,0.619,0.489,0.151
1610612766,2017-18,0.439,108.2,45.5,21.6,12.7,0.45,0.369,0.747,6.8,4.5,10.1,35.4,17.2,109.0,109.0,-0.1,98.66,0.549,0.554,0.512,0.128
1610612741,2017-18,0.329,102.9,44.7,23.5,14.0,0.435,0.355,0.759,7.6,3.5,9.6,35.0,19.2,103.4,110.5,-7.0,98.65,0.529,0.607,0.5,0.141
1610612739,2017-18,0.61,110.9,42.1,23.4,13.7,0.476,0.372,0.779,7.1,3.8,8.5,33.7,18.6,112.0,111.1,1.0,98.72,0.584,0.579,0.492,0.139
1610612742,2017-18,0.293,102.3,41.3,22.7,12.3,0.444,0.36,0.763,7.0,3.8,8.1,33.1,19.2,105.4,108.4,-2.9,96.53,0.544,0.594,0.478,0.127
1610612743,2017-18,0.561,110.0,44.5,25.1,15.0,0.47,0.371,0.767,7.6,4.9,11.0,33.5,18.7,111.4,110.0,1.4,97.69,0.57,0.617,0.517,0.151
1610612765,2017-18,0.476,103.8,43.7,22.8,13.4,0.45,0.373,0.745,7.7,3.9,10.1,33.6,18.4,106.6,106.7,-0.1,96.75,0.543,0.582,0.499,0.138
1610612744,2017-18,0.707,113.5,43.5,29.3,15.4,0.503,0.391,0.815,8.0,7.5,8.4,35.1,19.6,112.8,106.8,5.9,100.35,0.603,0.685,0.497,0.153
1610612745,2017-18,0.793,112.4,43.5,21.5,13.8,0.46,0.362,0.781,8.5,4.8,9.0,34.5,19.5,114.1,105.7,8.4,98.02,0.59,0.557,0.503,0.141
1610612754,2017-18,0.585,105.6,42.3,22.2,13.3,0.472,0.369,0.779,8.8,4.1,9.6,32.7,18.8,108.5,107.3,1.3,96.84,0.557,0.544,0.496,0.136
1610612746,2017-18,0.512,109.0,43.9,22.3,14.7,0.471,0.354,0.743,7.7,4.5,10.1,33.7,20.0,109.4,109.2,0.2,99.54,0.564,0.555,0.504,0.147
1610612747,2017-18,0.427,108.1,46.4,23.8,15.8,0.461,0.345,0.714,7.7,4.7,10.7,35.7,21.2,106.0,107.3,-1.3,100.9,0.548,0.584,0.505,0.155
1610612763,2017-18,0.268,99.3,40.5,21.5,15.0,0.444,0.352,0.786,7.5,4.8,9.5,31.0,23.2,103.6,110.4,-6.8,95.65,0.539,0.586,0.493,0.156
1610612748,2017-18,0.537,103.4,43.5,22.7,14.4,0.455,0.36,0.755,7.6,5.3,9.3,34.2,20.1,106.2,105.8,0.4,96.1,0.551,0.585,0.501,0.148
1610612749,2017-18,0.537,106.5,39.8,23.2,13.8,0.478,0.355,0.783,8.8,5.4,8.4,31.5,21.4,109.0,109.1,-0.2,97.03,0.571,0.585,0.48,0.142
1610612750,2017-18,0.573,109.5,42.0,22.7,12.5,0.476,0.357,0.804,8.4,4.2,10.3,31.6,18.2,112.5,110.2,2.3,96.75,0.566,0.553,0.503,0.128
1610612740,2017-18,0.585,111.7,44.3,26.8,14.9,0.483,0.362,0.772,8.0,5.9,8.7,35.6,19.1,108.5,107.4,1.1,101.48,0.573,0.627,0.494,0.145
1610612752,2017-18,0.354,104.5,44.0,23.3,14.7,0.464,0.352,0.787,6.7,5.1,10.5,33.6,20.5,106.3,109.7,-3.4,97.64,0.544,0.573,0.509,0.15
1610612760,2017-18,0.585,107.9,45.1,21.3,14.0,0.453,0.354,0.716,9.1,5.0,12.5,32.6,20.2,110.1,106.4,3.7,97.34,0.546,0.535,0.515,0.143
1610612753,2017-18,0.305,103.4,41.6,23.4,14.5,0.452,0.351,0.757,7.6,4.9,8.8,32.8,19.3,104.7,109.4,-4.7,98.58,0.545,0.604,0.48,0.147
1610612755,2017-18,0.634,109.8,47.4,27.1,16.5,0.472,0.369,0.752,8.3,5.1,10.9,36.5,22.1,108.5,103.9,4.6,100.75,0.568,0.663,0.52,0.163
1610612756,2017-18,0.256,103.9,44.1,21.3,15.7,0.442,0.334,0.741,6.9,4.5,10.3,33.9,22.0,102.8,111.7,-9.0,101.14,0.532,0.553,0.493,0.155
1610612757,2017-18,0.598,105.6,45.5,19.5,13.5,0.452,0.366,0.8,7.0,5.2,10.2,35.3,19.5,108.4,105.7,2.7,97.11,0.549,0.496,0.513,0.139
1610612758,2017-18,0.329,98.8,40.9,21.6,13.7,0.45,0.375,0.735,7.8,4.1,9.5,31.4,20.0,103.1,110.4,-7.3,95.5,0.529,0.556,0.489,0.143
1610612759,2017-18,0.573,102.7,44.2,22.8,13.1,0.457,0.352,0.772,7.7,5.6,10.4,33.9,17.2,107.1,104.1,3.0,95.7,0.543,0.583,0.508,0.137
1610612761,2017-18,0.72,111.7,44.0,24.3,13.4,0.472,0.358,0.794,7.6,6.1,9.8,34.2,21.7,113.0,105.3,7.7,98.02,0.575,0.59,0.502,0.135
1610612762,2017-18,0.585,104.1,43.3,22.4,14.7,0.462,0.366,0.779,8.6,5.1,9.0,34.2,19.6,107.4,103.0,4.4,96.58,0.564,0.586,0.509,0.152
1610612764,2017-18,0.524,106.6,43.1,25.2,14.6,0.467,0.375,0.772,7.9,4.3,10.0,33.1,21.3,108.1,107.7,0.4,97.67,0.56,0.631,0.504,0.148
1610612737,2018-19,0.354,113.3,46.1,25.8,17.0,0.451,0.352,0.752,8.2,5.1,11.6,34.5,23.6,107.5,113.1,-5.5,104.56,0.555,0.624,0.496,0.162
1610612738,2018-19,0.598,112.4,44.5,26.3,12.8,0.465,0.365,0.802,8.6,5.3,9.8,34.7,20.4,111.3,107.0,4.3,100.43,0.567,0.624,0.495,0.127
1610612751,2018-19,0.512,112.2,46.6,23.8,15.1,0.449,0.353,0.745,6.6,4.1,11.0,35.6,21.5,108.9,109.0,-0.1,101.52,0.556,0.592,0.501,0.146
1610612766,2018-19,0.476,110.7,43.8,23.2,12.2,0.448,0.351,0.797,7.2,4.9,9.9,33.9,18.9,110.7,112.0,-1.3,99.18,0.554,0.578,0.495,0.122
1610612741,2018-19,0.268,104.9,42.9,21.9,14.1,0.453,0.351,0.783,7.4,4.3,8.8,34.1,20.3,104.5,112.8,-8.3,99.3,0.541,0.55,0.483,0.141
1610612739,2018-19,0.232,104.5,42.7,20.7,13.5,0.444,0.355,0.792,6.5,2.4,10.7,31.9,20.0,106.8,116.8,-10.0,97.37,0.54,0.532,0.496,0.138
1610612742,2018-19,0.402,108.9,45.3,23.4,14.2,0.447,0.34,0.742,6.5,4.3,10.1,35.2,20.1,108.7,110.1,-1.5,99.6,0.555,0.603,0.503,0.142
1610612743,2018-19,0.659,110.7,46.4,27.4,13.4,0.466,0.351,0.755,7.7,4.4,11.9,34.5,20.0,112.1,108.1,4.0,98.49,0.558,0.653,0.524,0.136
1610612765,2018-19,0.5,107.0,45.0,22.5,13.8,0.44,0.348,0.747,6.9,4.0,11.4,33.6,22.1,108.4,108.7,-0.3,97.88,0.544,0.579,0.509,0.14
1610612744,2018-19,0.695,117.7,46.2,29.4,14.3,0.491,0.385,0.801,7.6,6.4,9.7,36.5,21.4,115.0,108.6,6.5,101.74,0.596,0.668,0.505,0.139
1610612745,2018-19,0.646,113.9,42.1,21.2,13.3,0.449,0.356,0.791,8.5,4.9,10.2,31.9,22.0,114.9,110.1,4.8,98.39,0.581,0.541,0.481,0.135
1610612754,2018-19,0.585,108.0,43.0,26.0,13.7,0.475,0.374,0.752,8.7,4.9,9.3,33.7,19.4,109.4,106.0,3.4,98.64,0.561,0.628,0.499,0.139
1610612746,2018-19,0.585,115.1,45.5,24.0,14.5,0.471,0.388,0.792,6.8,4.7,9.7,35.8,23.3,111.4,110.4,1.0,102.66,0.575,0.582,0.5,0.141
1610612747,2018-19,0.451,111.8,46.6,25.6,15.7,0.47,0.333,0.699,7.5,5.4,10.2,36.4,20.7,107.4,108.9,-1.6,103.6,0.554,0.6,0.502,0.15
1610612763,2018-19,0.402,103.5,41.8,23.9,14.0,0.45,0.342,0.772,8.3,5.5,8.8,33.0,22.0,105.6,108.0,-2.4,97.15,0.548,0.631,0.484,0.143
1610612748,2018-19,0.476,105.7,46.3,24.3,14.7,0.45,0.349,0.695,7.6,5.5,11.2,35.1,20.9,106.7,107.1,-0.4,98.73,0.542,0.612,0.509,0.149
1610612749,2018-19,0.732,118.1,49.7,26.0,13.9,0.476,0.353,0.773,7.5,5.9,9.3,40.4,19.6,113.5,104.9,8.6,103.57,0.583,0.601,0.516,0.133
1610612750,2018-19,0.439,112.5,44.8,24.6,13.1,0.456,0.351,0.787,8.3,5.0,11.3,33.5,20.3,110.6,112.2,-1.6,100.88,0.552,0.591,0.497,0.129
1610612740,2018-19,0.402,115.4,47.3,27.0,14.8,0.473,0.344,0.761,7.4,5.4,11.1,36.2,21.1,110.7,112.0,-1.3,103.89,0.563,0.619,0.509,0.142
1610612752,2018-19,0.207,104.6,44.7,20.1,14.0,0.433,0.34,0.759,6.8,5.1,10.5,34.3,20.9,104.0,112.9,-8.9,100.16,0.529,0.525,0.486,0.14
1610612760,2018-19,0.598,114.5,48.1,23.4,14.0,0.454,0.348,0.713,9.3,5.2,12.6,35.5,22.4,109.8,106.5,3.4,103.38,0.545,0.548,0.509,0.134
1610612753,2018-19,0.512,107.3,45.4,25.5,13.2,0.454,0.356,0.782,6.6,5.4,10.0,35.4,18.6,108.2,107.6,0.6,98.65,0.55,0.632,0.504,0.133
1610612755,2018-19,0.622,115.2,47.8,26.9,14.9,0.471,0.359,0.771,7.4,5.3,10.9,36.9,21.3,111.6,109.0,2.6,102.59,0.574,0.648,0.517,0.144
1610612756,2018-19,0.232,107.5,40.4,23.9,15.6,0.459,0.329,0.779,9.0,5.1,9.1,31.3,23.6,105.3,114.2,-8.9,101.15,0.552,0.595,0.464,0.153
1610612757,2018-19,0.646,114.7,48.0,23.0,13.8,0.467,0.359,0.814,6.7,5.0,11.8,36.2,20.4,113.7,109.5,4.2,99.96,0.568,0.544,0.526,0.137
1610612758,2018-19,0.476,114.2,45.4,25.4,13.4,0.464,0.378,0.726,8.3,4.4,11.0,34.4,21.4,109.6,110.8,-1.2,103.88,0.554,0.588,0.487,0.128
1610612759,2018-19,0.585,111.7,44.7,24.5,12.1,0.478,0.392,0.819,6.1,4.7,9.2,35.5,18.1,112.2,110.6,1.6,98.88,0.572,0.58,0.501,0.122
1610612761,2018-19,0.707,114.4,45.2,25.4,14.0,0.474,0.366,0.804,8.3,5.3,9.6,35.6,21.0,112.6,106.8,5.8,100.51,0.579,0.603,0.502,0.138
1610612762,2018-19,0.61,111.7,46.4,26.0,15.1,0.468,0.356,0.736,8.1,5.9,10.0,36.4,21.1,110.3,105.3,5.0,100.84,0.572,0.644,0.522,0.149
1610612764,2018-19,0.39,114.0,42.4,26.3,14.1,0.468,0.341,0.768,8.3,4.6,9.7,32.7,20.7,110.2,112.9,-2.7,102.23,0.567,0.623,0.477,0.136
1610612737,2019-20,0.299,111.8,43.3,24.0,16.2,0.449,0.333,0.79,7.8,5.1,9.9,33.4,23.1,107.0,114.4,-7.4,103.28,0.554,0.589,0.484,0.155
1610612738,2019-20,0.667,113.7,46.1,23.0,13.8,0.461,0.364,0.801,8.3,5.6,10.7,35.4,21.6,112.8,106.5,6.3,99.92,0.57,0.557,0.509,0.137
1610612751,2019-20,0.486,111.8,47.9,24.5,15.3,0.448,0.343,0.745,6.4,4.5,10.6,37.3,21.0,108.7,109.2,-0.5,101.7,0.554,0.606,0.511,0.148
1610612766,2019-20,0.354,102.9,42.8,23.8,14.6,0.434,0.352,0.748,6.6,4.1,11.0,31.8,18.8,105.9,112.8,-7.0,96.24,0.539,0.639,0.486,0.15
1610612741,2019-20,0.338,106.8,41.9,23.2,15.5,0.447,0.348,0.755,10.0,4.1,10.5,31.4,21.8,105.8,108.9,-3.1,100.46,0.547,0.587,0.481,0.153
1610612739,2019-20,0.292,106.9,44.2,23.1,16.5,0.458,0.351,0.758,6.9,3.2,10.8,33.4,18.3,106.9,114.8,-7.9,99.17,0.553,0.573,0.512,0.165
1610612742,2019-20,0.573,117.0,46.9,24.7,12.7,0.461,0.367,0.779,6.1,4.8,10.5,36.4,19.5,115.9,111.2,4.8,99.89,0.581,0.592,0.509,0.126
1610612743,2019-20,0.63,111.3,44.1,26.7,13.8,0.473,0.359,0.777,8.0,4.6,10.8,33.4,20.3,112.6,110.4,2.2,97.64,0.567,0.636,0.509,0.139
1610612765,2019-20,0.303,107.2,41.7,24.1,15.3,0.459,0.367,0.743,7.4,4.5,9.8,32.0,19.7,108.8,112.3,-3.5,97.86,0.561,0.612,0.493,0.155
1610612744,2019-20,0.231,106.3,42.8,25.6,14.9,0.438,0.334,0.803,8.2,4.6,10.0,32.9,20.1,104.4,113.0,-8.6,101.04,0.54,0.663,0.481,0.146
1610612745,2019-20,0.611,117.8,44.3,21.6,14.7,0.451,0.345,0.791,8.7,5.2,9.8,34.5,21.8,112.5,109.8,2.7,104.04,0.578,0.53,0.48,0.14
1610612754,2019-20,0.616,109.4,42.8,25.9,13.2,0.476,0.363,0.787,7.4,5.2,8.7,34.1,19.8,109.5,107.5,1.9,99.41,0.565,0.614,0.487,0.132
1610612746,2019-20,0.681,116.3,47.7,23.7,14.6,0.466,0.371,0.791,7.1,4.7,10.7,37.0,22.1,113.3,106.9,6.3,102.16,0.577,0.571,0.515,0.142
1610612747,2019-20,0.732,113.4,45.7,25.4,15.2,0.48,0.349,0.729,8.6,6.6,10.7,35.1,20.7,111.7,106.1,5.6,101.2,0.573,0.6,0.512,0.149
1610612763,2019-20,0.466,112.6,46.5,26.9,15.2,0.468,0.347,0.763,7.9,5.5,10.3,36.2,21.2,108.7,109.7,-1.0,103.31,0.561,0.633,0.506,0.147
1610612748,2019-20,0.603,112.0,44.4,25.9,14.9,0.468,0.379,0.783,7.5,4.5,8.5,35.9,20.6,111.9,109.3,2.7,98.7,0.587,0.657,0.512,0.149
1610612749,2019-20,0.767,118.7,51.7,25.9,15.1,0.476,0.355,0.742,7.2,5.9,9.5,42.2,19.6,111.9,102.5,9.4,105.51,0.583,0.598,0.524,0.142
1610612750,2019-20,0.297,113.3,44.8,23.8,15.3,0.441,0.336,0.753,8.7,5.7,10.5,34.3,21.4,107.6,111.6,-4.0,103.94,0.551,0.59,0.488,0.146
1610612740,2019-20,0.417,115.8,46.5,26.8,16.4,0.465,0.37,0.729,7.5,5.0,11.1,35.4,21.2,110.5,111.8,-1.3,103.89,0.568,0.63,0.508,0.156
1610612752,2019-20,0.318,105.8,46.5,22.1,14.3,0.447,0.337,0.694,7.6,4.7,12.0,34.5,22.2,105.9,112.4,-6.5,99.11,0.531,0.552,0.513,0.143
1610612760,2019-20,0.611,110.4,42.9,21.7,13.7,0.468,0.355,0.796,7.6,4.9,8.2,34.7,19.3,110.1,108.1,2.1,99.42,0.573,0.543,0.492,0.137
1610612753,2019-20,0.452,107.3,44.5,23.9,12.8,0.444,0.343,0.774,8.2,5.4,10.3,34.2,18.3,107.9,109.2,-1.3,98.99,0.544,0.608,0.5,0.129
1610612755,2019-20,0.589,110.7,45.4,25.8,14.2,0.468,0.368,0.755,8.0,5.3,10.5,35.0,20.9,110.7,108.4,2.3,99.59,0.566,0.628,0.516,0.142
1610612756,2019-20,0.466,113.6,43.5,27.2,14.8,0.468,0.358,0.834,7.7,4.0,9.8,33.8,22.0,111.3,110.8,0.5,101.74,0.576,0.661,0.498,0.145
1610612757,2019-20,0.473,115.0,45.3,20.6,12.8,0.463,0.377,0.804,6.3,6.1,10.2,35.1,21.7,113.2,114.3,-1.1,101.17,0.57,0.488,0.492,0.126
1610612758,2019-20,0.431,110.1,42.6,23.8,14.5,0.462,0.364,0.77,7.7,4.1,9.7,32.9,22.2,109.5,111.4,-1.9,99.6,0.566,0.582,0.492,0.144
1610612759,2019-20,0.451,114.1,44.6,24.7,12.6,0.472,0.376,0.81,7.3,5.5,9.0,35.6,19.4,111.7,112.6,-0.9,101.14,0.572,0.585,0.495,0.123
1610612761,2019-20,0.736,112.8,45.4,25.2,14.8,0.458,0.374,0.796,8.8,5.0,9.5,35.9,21.7,110.8,104.7,6.1,101.19,0.574,0.627,0.496,0.146
1610612762,2019-20,0.611,111.3,44.9,22.4,15.1,0.471,0.38,0.779,6.1,4.1,9.1,35.8,20.4,111.8,109.3,2.5,99.15,0.585,0.56,0.512,0.152
1610612764,2019-20,0.347,114.4,42.0,25.0,14.2,0.457,0.368,0.788,8.0,4.3,10.2,31.9,22.7,110.2,114.7,-4.5,103.38,0.562,0.602,0.478,0.136
1610612737,2020-21,0.569,113.7,45.6,24.1,13.2,0.468,0.373,0.812,7.0,4.8,10.6,35.1,19.3,114.3,112.1,2.2,98.68,0.581,0.591,0.516,0.133
1610612738,2020-21,0.5,112.6,44.3,23.5,14.1,0.466,0.374,0.775,7.7,5.3,10.6,33.6,20.4,113.1,111.8,1.2,98.94,0.574,0.566,0.51,0.141
1610612751,2020-21,0.667,118.6,44.4,26.8,13.5,0.494,0.392,0.804,6.7,5.3,8.9,35.5,19.0,117.3,113.1,4.2,100.27,0.61,0.621,0.503,0.134
1610612766,2020-21,0.458,109.5,43.8,26.8,14.8,0.455,0.369,0.761,7.8,4.8,10.6,33.2,18.0,110.1,112.0,-1.9,99.0,0.564,0.672,0.496,0.149
1610612741,2020-21,0.431,110.7,45.0,26.8,15.1,0.476,0.37,0.791,6.7,4.2,9.6,35.3,18.9,110.4,111.5,-1.1,99.58,0.575,0.635,0.519,0.151
1610612739,2020-21,0.306,103.8,42.8,23.8,15.5,0.45,0.336,0.743,7.8,4.5,10.4,32.3,18.2,105.2,113.5,-8.3,97.96,0.543,0.618,0.499,0.157
1610612742,2020-21,0.583,112.4,43.3,22.9,12.1,0.47,0.362,0.778,6.3,4.3,9.1,34.2,19.4,114.6,112.3,2.3,97.94,0.582,0.557,0.496,0.123
1610612743,2020-21,0.653,115.1,44.4,26.8,13.5,0.485,0.377,0.803,8.1,4.5,10.5,33.9,19.1,116.3,111.5,4.8,97.74,0.588,0.621,0.522,0.136
1610612765,2020-21,0.278,106.6,42.7,24.2,14.9,0.452,0.351,0.759,7.4,5.2,9.6,33.1,20.5,107.6,112.2,-4.5,98.19,0.556,0.626,0.493,0.151
1610612744,2020-21,0.542,113.7,43.0,27.7,15.0,0.468,0.376,0.785,8.2,4.8,8.0,35.1,21.2,110.5,109.4,1.1,102.81,0.583,0.67,0.48,0.146
1610612745,2020-21,0.236,108.8,42.6,23.6,14.7,0.444,0.339,0.74,7.6,5.0,9.3,33.3,19.5,107.0,114.4,-7.4,101.69,0.553,0.601,0.474,0.145
1610612754,2020-21,0.472,115.3,42.7,27.4,13.5,0.474,0.364,0.792,8.5,6.4,9.0,33.7,20.2,111.9,111.9,0.1,102.05,0.575,0.633,0.476,0.131
1610612746,2020-21,0.653,114.0,44.2,24.4,13.2,0.482,0.411,0.839,7.1,4.1,9.4,34.7,19.2,116.7,110.6,6.1,97.63,0.599,0.584,0.518,0.135
1610612747,2020-21,0.583,109.5,44.2,24.7,15.2,0.472,0.354,0.739,7.8,5.4,9.7,34.6,19.1,109.8,106.8,2.9,98.85,0.569,0.607,0.511,0.152
1610612763,2020-21,0.528,113.3,46.5,26.9,13.3,0.467,0.356,0.771,9.1,5.1,11.2,35.3,18.7,111.7,110.5,1.2,100.77,0.56,0.628,0.507,0.131
1610612748,2020-21,0.556,108.1,41.5,26.3,14.1,0.468,0.358,0.79,7.9,4.0,8.0,33.5,18.9,110.6,110.7,-0.1,97.09,0.581,0.671,0.491,0.144
1610612749,2020-21,0.639,120.1,48.1,25.5,13.8,0.487,0.389,0.76,8.1,4.6,10.3,37.8,17.3,116.5,110.7,5.8,102.85,0.593,0.569,0.519,0.134
1610612750,2020-21,0.319,112.1,43.5,25.6,14.3,0.448,0.349,0.761,8.8,5.5,10.5,33.0,20.9,109.3,114.5,-5.3,101.96,0.555,0.63,0.484,0.139
1610612740,2020-21,0.431,114.6,47.4,26.0,14.6,0.477,0.348,0.729,7.6,4.4,11.7,35.7,18.0,113.0,113.3,-0.3,100.54,0.57,0.612,0.527,0.144
1610612752,2020-21,0.569,107.0,45.1,21.4,12.9,0.456,0.392,0.784,7.0,5.1,9.7,35.5,20.5,110.2,107.8,2.4,96.32,0.559,0.543,0.505,0.133
1610612760,2020-21,0.306,105.0,45.6,22.1,16.1,0.441,0.339,0.725,7.0,4.4,9.9,35.7,18.1,102.8,113.4,-10.6,101.61,0.539,0.568,0.494,0.158
1610612753,2020-21,0.292,104.0,45.4,21.8,12.8,0.429,0.343,0.775,6.9,4.4,10.4,35.1,17.2,104.6,113.9,-9.3,99.17,0.527,0.57,0.488,0.129
1610612755,2020-21,0.681,113.6,45.1,23.7,14.4,0.476,0.374,0.767,9.1,6.2,10.0,35.0,20.2,112.5,107.0,5.5,100.12,0.579,0.572,0.511,0.143
1610612756,2020-21,0.708,115.3,42.9,26.9,12.5,0.49,0.378,0.834,7.2,4.3,8.8,34.2,19.1,116.3,110.4,5.9,98.0,0.597,0.622,0.5,0.126
1610612757,2020-21,0.583,116.1,44.5,21.3,11.1,0.453,0.385,0.823,6.9,5.0,10.6,33.9,18.9,117.1,115.3,1.8,98.97,0.577,0.515,0.495,0.112
1610612758,2020-21,0.431,113.7,41.4,25.5,13.4,0.481,0.364,0.745,7.5,5.0,9.4,32.0,19.4,112.7,116.5,-3.8,100.71,0.578,0.599,0.482,0.133
1610612759,2020-21,0.458,111.1,43.9,24.4,11.4,0.462,0.35,0.792,7.0,5.1,9.3,34.6,18.0,110.5,112.0,-1.5,99.45,0.554,0.584,0.485,0.113
1610612761,2020-21,0.375,111.3,41.6,24.1,13.2,0.448,0.368,0.815,8.6,5.4,9.4,32.1,21.2,111.6,112.0,-0.4,99.57,0.567,0.607,0.479,0.133
1610612762,2020-21,0.722,116.4,48.3,23.7,14.2,0.468,0.389,0.799,6.6,5.2,10.6,37.6,18.5,116.5,107.5,9.0,99.37,0.597,0.573,0.529,0.142
1610612764,2020-21,0.472,116.6,45.2,25.5,14.4,0.475,0.351,0.769,7.3,4.1,9.7,35.5,21.6,110.7,112.3,-1.6,104.67,0.569,0.59,0.494,0.137
1610612737,2021-22,0.524,113.9,44.0,24.6,11.9,0.47,0.374,0.812,7.2,4.2,10.0,33.9,18.7,115.4,113.7,1.6,98.67,0.581,0.593,0.501,0.12
1610612738,2021-22,0.622,111.8,46.1,24.8,13.6,0.466,0.356,0.816,7.2,5.8,10.5,35.5,18.5,113.6,106.2,7.4,97.26,0.578,0.609,0.509,0.139
1610612751,2021-22,0.537,112.9,44.4,25.3,14.1,0.475,0.361,0.805,7.1,5.5,10.3,34.1,20.4,113.2,112.3,0.9,99.4,0.576,0.602,0.499,0.141
1610612766,2021-22,0.524,115.3,44.6,28.1,13.3,0.468,0.365,0.74,8.6,4.9,10.8,33.7,19.9,113.6,113.1,0.5,100.52,0.572,0.656,0.486,0.131
1610612741,2021-22,0.561,111.6,42.3,23.9,12.8,0.48,0.369,0.813,7.1,4.1,8.7,33.7,18.8,112.7,113.2,-0.5,98.76,0.579,0.572,0.495,0.13
1610612739,2021-22,0.537,107.8,44.2,25.2,14.4,0.469,0.355,0.76,7.1,4.2,10.2,34.0,17.5,111.0,108.9,2.1,96.83,0.571,0.634,0.506,0.148
1610612742,2021-22,0.634,108.0,43.0,23.4,12.5,0.461,0.35,0.771,6.7,4.0,9.3,33.8,19.7,112.5,109.1,3.5,95.64,0.572,0.595,0.496,0.13
1610612743,2021-22,0.585,112.7,44.1,27.8,14.5,0.483,0.353,0.795,7.2,3.7,9.2,34.9,20.0,113.8,111.5,2.3,98.41,0.59,0.667,0.515,0.146
1610612765,2021-22,0.28,104.8,43.0,23.5,14.2,0.431,0.326,0.782,7.7,4.8,11.0,32.0,21.9,105.6,113.3,-7.7,98.81,0.533,0.615,0.481,0.143
1610612744,2021-22,0.646,111.0,45.5,27.1,14.9,0.469,0.364,0.769,8.8,4.5,9.8,35.7,21.0,112.1,106.6,5.5,98.74,0.582,0.669,0.51,0.15
1610612745,2021-22,0.244,109.7,42.0,23.6,16.5,0.456,0.349,0.713,7.3,4.7,9.6,32.4,20.6,108.1,116.4,-8.3,101.16,0.565,0.598,0.485,0.162
1610612754,2021-22,0.305,111.5,43.9,25.4,14.4,0.463,0.344,0.768,7.1,5.6,11.3,32.6,20.4,111.9,115.5,-3.6,98.55,0.564,0.612,0.512,0.145
1610612746,2021-22,0.512,108.4,44.0,24.0,13.7,0.458,0.374,0.793,7.4,5.0,9.1,34.9,18.6,109.5,109.5,0.0,98.51,0.564,0.599,0.486,0.139
1610612747,2021-22,0.402,112.1,44.0,24.0,14.5,0.469,0.347,0.732,7.6,5.2,9.5,34.5,20.2,110.0,112.8,-2.9,100.47,0.567,0.576,0.49,0.142
1610612763,2021-22,0.683,115.6,49.2,26.0,13.2,0.461,0.353,0.734,9.8,6.5,14.1,35.0,19.8,114.3,108.9,5.3,100.52,0.553,0.597,0.526,0.13
1610612748,2021-22,0.646,110.0,43.7,25.5,14.6,0.467,0.379,0.808,7.4,3.2,9.8,33.9,20.5,113.0,108.4,4.5,96.53,0.584,0.644,0.51,0.149
1610612749,2021-22,0.622,115.5,46.7,23.9,13.4,0.468,0.366,0.776,7.6,4.0,10.2,36.5,18.2,114.3,111.1,3.2,100.59,0.58,0.572,0.512,0.133
1610612750,2021-22,0.561,115.9,44.2,25.7,14.3,0.457,0.358,0.778,8.8,5.6,11.2,32.9,21.8,113.8,111.0,2.7,101.47,0.573,0.617,0.49,0.141
1610612740,2021-22,0.439,109.3,45.2,25.0,14.1,0.457,0.332,0.789,8.3,4.0,12.0,33.2,19.7,111.2,112.0,-0.8,98.02,0.557,0.621,0.518,0.143
1610612752,2021-22,0.451,106.5,46.1,21.9,13.3,0.437,0.357,0.744,7.0,4.9,11.5,34.6,20.4,109.7,110.2,-0.4,96.42,0.55,0.581,0.512,0.137
1610612760,2021-22,0.293,103.7,45.6,22.2,14.0,0.43,0.323,0.756,7.6,4.6,10.4,35.2,18.3,103.8,111.7,-8.0,99.39,0.53,0.58,0.487,0.14
1610612753,2021-22,0.268,104.2,44.3,23.7,14.5,0.434,0.331,0.787,6.8,4.5,9.1,35.2,19.7,103.9,112.1,-8.1,99.71,0.538,0.62,0.49,0.144
1610612755,2021-22,0.622,109.9,42.3,23.7,12.5,0.466,0.364,0.821,7.7,5.3,8.5,33.8,19.4,113.0,110.2,2.8,96.71,0.578,0.602,0.49,0.129
1610612756,2021-22,0.78,114.8,45.3,27.4,12.9,0.485,0.364,0.797,8.6,4.4,9.8,35.5,19.9,114.2,106.8,7.5,100.26,0.581,0.627,0.503,0.129
1610612757,2021-22,0.329,106.2,42.9,22.9,14.5,0.442,0.346,0.76,8.0,4.5,10.4,32.5,21.1,107.3,116.3,-9.1,98.74,0.55,0.595,0.487,0.146
1610612758,2021-22,0.366,110.3,42.9,23.7,14.1,0.46,0.344,0.768,7.2,4.5,9.6,33.4,18.9,109.6,114.8,-5.2,100.1,0.561,0.585,0.484,0.14
1610612759,2021-22,0.415,113.2,45.3,27.9,12.7,0.467,0.352,0.754,7.6,4.9,11.0,34.3,18.1,111.9,111.7,0.2,100.51,0.556,0.646,0.494,0.126
1610612761,2021-22,0.585,109.4,45.3,22.1,12.5,0.445,0.349,0.759,9.0,4.6,13.4,32.0,19.6,112.1,109.9,2.2,96.63,0.543,0.543,0.508,0.128
1610612762,2021-22,0.598,113.6,46.3,22.4,14.0,0.471,0.36,0.767,7.2,4.9,10.8,35.6,18.9,116.2,110.0,6.2,97.5,0.589,0.552,0.525,0.143
1610612764,2021-22,0.427,108.6,43.1,25.0,13.1,0.472,0.342,0.783,6.4,5.0,9.0,34.1,18.8,110.2,113.6,-3.4,97.8,0.568,0.617,0.494,0.133
1610612737,2022-23,0.5,118.4,44.4,25.0,12.9,0.483,0.352,0.818,7.1,4.9,11.2,33.2,18.8,115.5,115.4,0.1,101.56,0.579,0.56,0.5,0.126
1610612738,2022-23,0.695,117.9,45.3,26.7,13.4,0.475,0.377,0.812,6.4,5.2,9.7,35.6,18.8,117.3,110.6,6.7,99.15,0.6,0.632,0.506,0.133
1610612751,2022-23,0.549,113.4,40.5,25.5,13.7,0.487,0.378,0.8,7.1,6.2,8.2,32.3,21.1,114.6,113.5,1.1,98.77,0.598,0.616,0.472,0.139
1610612766,2022-23,0.329,111.0,44.5,25.1,14.2,0.457,0.33,0.749,7.7,5.2,11.0,33.5,20.3,108.4,114.7,-6.3,101.47,0.551,0.609,0.491,0.139
1610612741,2022-23,0.488,113.1,42.4,24.5,13.4,0.49,0.361,0.809,7.9,4.5,8.5,33.9,18.9,112.8,111.5,1.3,99.18,0.587,0.575,0.493,0.133
1610612739,2022-23,0.622,112.3,41.1,24.9,13.3,0.488,0.367,0.78,7.1,4.7,9.7,31.4,19.0,115.5,109.9,5.6,96.27,0.59,0.6,0.496,0.137
1610612742,2022-23,0.463,114.2,38.8,22.9,12.2,0.475,0.371,0.755,6.3,3.7,7.6,31.2,20.7,115.9,116.1,-0.2,97.21,0.599,0.573,0.471,0.124
1610612743,2022-23,0.646,115.8,43.0,28.9,14.5,0.504,0.379,0.751,7.5,4.5,10.1,32.9,18.6,116.8,113.5,3.3,98.74,0.601,0.663,0.514,0.147
1610612765,2022-23,0.207,110.3,42.4,23.0,15.1,0.454,0.351,0.771,7.0,3.8,11.2,31.3,22.1,109.9,117.8,-7.9,99.88,0.561,0.581,0.491,0.15
1610612744,2022-23,0.537,118.9,44.6,29.8,16.3,0.479,0.385,0.794,7.2,4.0,10.5,34.1,21.4,115.1,113.4,1.7,102.54,0.6,0.691,0.502,0.158
1610612745,2022-23,0.268,110.7,46.3,22.4,16.2,0.457,0.327,0.754,7.3,4.6,13.4,32.9,20.5,110.5,118.6,-8.1,99.74,0.554,0.551,0.53,0.162
1610612754,2022-23,0.427,116.3,41.5,27.0,14.9,0.469,0.367,0.79,7.7,5.8,10.1,31.4,21.2,113.8,117.1,-3.3,101.68,0.581,0.643,0.482,0.146
1610612746,2022-23,0.537,113.6,43.2,23.9,14.2,0.477,0.381,0.781,7.1,4.4,9.8,33.4,19.5,114.0,113.6,0.5,98.84,0.588,0.581,0.505,0.143
1610612747,2022-23,0.524,117.2,45.7,25.3,14.1,0.482,0.346,0.775,6.4,4.6,10.0,35.7,17.9,113.9,113.2,0.7,101.92,0.582,0.589,0.505,0.137
1610612763,2022-23,0.622,116.9,46.6,26.0,13.6,0.475,0.351,0.733,8.3,5.8,12.0,34.6,20.0,114.7,110.7,4.0,101.5,0.57,0.596,0.507,0.133
1610612748,2022-23,0.537,109.5,40.6,23.8,13.5,0.46,0.344,0.831,8.0,3.0,9.7,30.9,18.5,112.3,112.8,-0.5,96.76,0.574,0.608,0.498,0.138
1610612749,2022-23,0.707,116.9,48.6,25.8,14.6,0.473,0.368,0.743,6.4,4.9,11.1,37.5,18.1,114.3,110.9,3.4,101.45,0.583,0.604,0.521,0.143
1610612750,2022-23,0.512,115.8,41.9,26.2,15.3,0.49,0.365,0.755,8.0,5.4,9.1,32.8,21.6,113.3,113.1,0.2,101.55,0.592,0.61,0.485,0.15
1610612740,2022-23,0.512,114.4,43.7,25.9,14.6,0.48,0.364,0.793,8.3,4.1,10.6,33.1,20.5,113.8,112.0,1.9,99.58,0.582,0.616,0.512,0.145
1610612752,2022-23,0.573,116.0,46.6,22.9,13.0,0.47,0.354,0.761,6.4,4.1,12.6,34.0,20.3,117.0,114.2,2.8,97.75,0.577,0.546,0.521,0.131
1610612760,2022-23,0.488,117.5,43.7,24.4,13.0,0.465,0.356,0.809,8.2,4.2,11.4,32.3,21.0,114.2,113.2,1.0,101.94,0.57,0.567,0.487,0.127
1610612753,2022-23,0.415,111.4,43.2,23.2,15.1,0.47,0.346,0.784,7.4,4.7,10.2,33.1,20.1,111.3,113.7,-2.3,99.66,0.573,0.574,0.505,0.151
1610612755,2022-23,0.659,115.2,40.9,25.2,13.7,0.487,0.387,0.835,7.7,4.7,8.7,32.2,20.4,117.0,112.7,4.4,97.44,0.608,0.616,0.496,0.139
1610612756,2022-23,0.549,113.6,44.2,27.3,13.5,0.467,0.374,0.793,7.1,5.3,11.8,32.4,21.2,114.5,112.3,2.2,98.83,0.57,0.647,0.508,0.136
1610612757,2022-23,0.402,113.4,40.5,24.2,14.5,0.474,0.365,0.796,6.7,4.6,9.4,31.1,20.0,114.0,118.0,-4.0,99.25,0.589,0.597,0.486,0.145
1610612758,2022-23,0.585,120.7,42.5,27.3,13.5,0.494,0.369,0.79,7.0,3.4,9.5,32.9,19.7,118.6,116.0,2.6,100.99,0.608,0.626,0.499,0.133
1610612759,2022-23,0.268,113.0,43.7,27.2,15.3,0.465,0.345,0.743,7.0,3.9,11.8,31.9,19.9,109.7,119.6,-9.9,102.07,0.554,0.632,0.495,0.148
1610612761,2022-23,0.5,112.9,43.0,23.9,11.7,0.459,0.335,0.784,9.4,5.2,12.7,30.3,20.0,114.6,113.1,1.5,97.85,0.555,0.571,0.502,0.118
1610612762,2022-23,0.451,117.1,45.9,26.0,15.4,0.473,0.353,0.786,6.1,5.2,11.8,34.1,20.5,115.3,116.0,-0.7,101.02,0.584,0.611,0.512,0.151
1610612764,2022-23,0.427,113.2,43.6,25.4,14.1,0.485,0.356,0.785,6.8,5.2,9.4,34.2,18.8,113.7,114.9,-1.2,99.16,0.585,0.603,0.505,0.142
1610612737,2023-24,0.439,118.3,44.7,26.6,13.5,0.465,0.364,0.797,7.5,4.5,12.5,32.2,18.6,116.4,118.4,-2.0,100.84,0.576,0.618,0.504,0.133
1610612738,2023-24,0.78,120.6,46.3,26.9,11.9,0.487,0.388,0.807,6.8,6.6,10.7,35.6,16.2,122.2,110.6,11.7,97.98,0.609,0.613,0.515,0.121
1610612751,2023-24,0.39,110.4,44.1,25.6,13.1,0.456,0.362,0.756,6.8,5.2,11.4,32.6,18.5,112.4,115.4,-2.9,97.56,0.561,0.63,0.497,0.134
1610612766,2023-24,0.256,106.6,40.3,24.8,13.8,0.46,0.355,0.786,6.9,4.5,9.3,31.0,18.0,108.6,119.2,-10.6,97.81,0.56,0.62,0.475,0.14
1610612741,2023-24,0.476,112.3,43.8,25.0,12.2,0.47,0.358,0.791,7.8,4.8,11.2,32.6,18.8,114.0,115.7,-1.7,96.94,0.568,0.594,0.501,0.124
1610612739,2023-24,0.585,112.6,43.3,28.0,13.6,0.479,0.367,0.765,7.4,4.6,9.8,33.4,17.5,114.7,112.1,2.5,97.62,0.586,0.671,0.501,0.138
1610612742,2023-24,0.61,117.9,42.9,25.7,12.5,0.481,0.369,0.758,6.9,5.0,9.7,33.2,18.3,117.0,114.9,2.1,100.6,0.592,0.596,0.485,0.124
1610612743,2023-24,0.695,114.9,44.4,29.5,12.6,0.496,0.374,0.762,7.1,5.6,10.7,33.7,18.2,117.8,112.3,5.5,97.43,0.589,0.669,0.515,0.13
1610612765,2023-24,0.171,109.9,43.3,25.5,15.2,0.463,0.348,0.785,6.5,4.7,10.5,32.8,20.6,109.0,118.0,-9.0,100.45,0.562,0.623,0.499,0.151
1610612744,2023-24,0.561,117.8,46.7,29.3,14.3,0.477,0.38,0.78,7.0,4.6,12.1,34.6,19.5,116.9,114.5,2.4,99.91,0.586,0.671,0.521,0.142
1610612745,2023-24,0.5,114.3,45.5,24.8,12.7,0.459,0.352,0.773,7.8,4.6,11.5,34.0,20.8,113.7,112.8,0.9,99.59,0.565,0.594,0.504,0.127
1610612754,2023-24,0.573,123.3,41.5,30.8,12.9,0.507,0.374,0.782,7.7,5.9,10.1,31.4,21.4,120.5,117.6,2.9,102.16,0.606,0.654,0.492,0.126
1610612746,2023-24,0.622,115.6,43.0,25.6,13.1,0.489,0.381,0.825,7.8,5.0,10.0,32.9,18.5,117.9,114.6,3.4,97.93,0.599,0.604,0.502,0.134
1610612747,2023-24,0.573,118.0,43.1,28.5,14.0,0.499,0.377,0.782,7.4,5.5,8.2,34.9,15.6,115.4,114.8,0.6,101.38,0.601,0.654,0.496,0.137
1610612763,2023-24,0.329,105.8,42.6,24.7,15.1,0.435,0.346,0.764,8.2,6.1,10.9,31.7,19.1,106.8,113.7,-6.9,98.68,0.543,0.644,0.488,0.152
1610612748,2023-24,0.561,110.1,42.3,25.8,12.7,0.465,0.37,0.818,7.5,3.4,9.3,33.0,17.3,113.3,111.5,1.8,96.88,0.578,0.648,0.498,0.13
1610612749,2023-24,0.598,119.0,44.2,26.5,12.9,0.487,0.373,0.774,6.8,5.0,9.4,34.8,19.2,117.6,115.0,2.6,100.51,0.601,0.615,0.499,0.128
1610612750,2023-24,0.683,113.0,43.6,26.6,14.2,0.485,0.387,0.777,7.9,6.1,9.4,34.2,18.8,114.6,108.4,6.3,97.79,0.594,0.646,0.508,0.144
1610612740,2023-24,0.598,115.1,44.0,27.0,13.0,0.486,0.383,0.771,8.3,4.6,10.4,33.6,18.4,116.5,111.9,4.6,98.7,0.591,0.634,0.505,0.132
1610612752,2023-24,0.61,112.8,45.2,24.4,13.2,0.465,0.369,0.78,7.5,4.1,12.7,32.5,17.6,117.3,112.4,4.9,95.96,0.574,0.59,0.527,0.138
1610612760,2023-24,0.695,120.1,42.0,27.1,12.7,0.499,0.389,0.825,8.5,6.6,8.8,33.2,18.8,118.3,111.0,7.3,100.85,0.608,0.609,0.484,0.125
1610612753,2023-24,0.573,110.5,42.3,24.7,14.7,0.476,0.352,0.759,8.2,5.2,10.5,31.8,19.7,112.9,110.8,2.2,97.37,0.577,0.61,0.515,0.15
1610612755,2023-24,0.573,114.6,43.0,24.9,12.0,0.464,0.363,0.826,8.5,6.0,11.0,31.9,20.3,116.2,113.0,3.1,98.17,0.574,0.6,0.493,0.122
1610612756,2023-24,0.598,116.2,44.1,27.0,14.9,0.493,0.382,0.808,7.4,6.0,10.1,33.9,18.0,116.8,113.7,3.1,99.0,0.603,0.637,0.514,0.15
1610612757,2023-24,0.256,106.4,42.7,23.1,15.2,0.439,0.345,0.791,7.6,4.3,12.6,30.1,20.2,107.6,116.6,-9.0,97.88,0.539,0.587,0.498,0.154
1610612758,2023-24,0.561,116.6,44.0,28.3,13.1,0.477,0.366,0.745,7.6,4.2,10.8,33.2,19.9,116.2,114.4,1.8,99.46,0.582,0.654,0.507,0.131
1610612759,2023-24,0.268,112.1,44.2,29.9,15.1,0.462,0.347,0.782,7.1,6.3,10.4,33.9,17.2,109.3,115.6,-6.4,101.8,0.563,0.712,0.492,0.148
1610612761,2023-24,0.305,112.4,42.7,28.5,14.0,0.471,0.347,0.756,7.7,4.7,10.9,31.8,18.4,111.8,118.1,-6.3,99.91,0.566,0.674,0.484,0.139
1610612762,2023-24,0.378,115.7,45.5,27.2,15.7,0.467,0.354,0.83,6.5,5.6,12.2,33.2,18.6,114.5,119.6,-5.1,100.26,0.579,0.648,0.521,0.155
1610612764,2023-24,0.183,113.7,41.1,27.9,14.0,0.47,0.348,0.764,7.6,5.1,9.2,31.9,20.0,110.2,118.9,-8.7,103.07,0.567,0.65,0.459,0.136
1610612737,2024-25,0.488,118.2,44.5,29.6,15.5,0.472,0.358,0.775,9.7,5.1,11.9,32.6,19.1,113.7,114.8,-1.1,103.41,0.579,0.682,0.503,0.149
1610612738,2024-25,0.744,116.3,45.3,26.1,11.9,0.462,0.368,0.799,7.2,5.5,11.4,33.9,15.9,119.5,110.1,9.4,96.59,0.591,0.628,0.506,0.122
1610612751,2024-25,0.317,105.1,41.3,25.2,15.2,0.437,0.344,0.787,7.8,4.3,10.9,30.4,20.7,108.1,115.4,-7.3,96.73,0.552,0.669,0.487,0.156
1610612766,2024-25,0.232,105.1,45.2,24.3,15.5,0.43,0.339,0.783,7.4,4.5,12.2,33.0,18.7,106.7,115.7,-9.1,98.22,0.537,0.635,0.5,0.157
1610612741,2024-25,0.476,117.8,45.9,29.1,14.7,0.47,0.367,0.809,7.6,4.7,10.1,35.8,17.6,113.2,114.8,-1.6,103.61,0.585,0.673,0.496,0.141
1610612739,2024-25,0.78,121.9,45.4,28.1,13.2,0.491,0.383,0.776,8.2,4.3,11.2,34.2,18.1,121.0,111.8,9.2,100.31,0.607,0.631,0.505,0.131
1610612742,2024-25,0.476,114.2,43.0,25.2,14.0,0.479,0.364,0.77,7.8,5.4,10.1,33.0,17.8,113.7,115.0,-1.3,100.15,0.583,0.601,0.488,0.14
1610612743,2024-25,0.61,120.8,45.7,31.0,14.3,0.506,0.376,0.77,8.0,4.9,11.2,34.5,17.6,118.9,115.1,3.8,100.67,0.604,0.683,0.52,0.14
1610612765,2024-25,0.537,115.5,44.8,26.4,14.9,0.476,0.362,0.774,8.0,5.3,11.4,33.4,20.7,114.6,112.5,2.1,100.27,0.58,0.618,0.511,0.147
1610612744,2024-25,0.585,113.8,45.4,29.1,14.0,0.451,0.364,0.764,9.4,4.8,12.5,32.8,19.2,114.2,111.0,3.2,99.37,0.568,0.714,0.509,0.141
1610612745,2024-25,0.634,114.3,48.5,23.3,13.9,0.455,0.353,0.738,8.4,5.0,14.6,33.8,19.0,114.9,110.3,4.6,99.03,0.553,0.549,0.533,0.14
1610612754,2024-25,0.61,117.4,41.8,29.2,13.2,0.488,0.368,0.789,8.5,5.5,9.2,32.7,18.7,115.4,113.3,2.1,100.76,0.594,0.671,0.483,0.13
1610612746,2024-25,0.61,112.9,43.8,25.2,14.9,0.482,0.373,0.797,9.4,4.5,10.3,33.5,18.3,114.3,109.4,4.9,98.24,0.589,0.605,0.512,0.151
1610612747,2024-25,0.61,113.4,42.4,26.0,14.0,0.479,0.366,0.785,7.7,4.5,9.7,32.8,17.3,115.0,113.8,1.2,98.34,0.593,0.635,0.495,0.142
1610612763,2024-25,0.585,121.7,47.3,28.4,15.7,0.479,0.367,0.786,8.9,5.6,12.9,34.4,20.9,117.2,112.6,4.7,103.69,0.588,0.635,0.518,0.151
1610612748,2024-25,0.451,110.6,43.4,26.4,13.6,0.465,0.367,0.791,8.1,3.8,9.7,33.7,15.5,112.4,112.0,0.4,97.08,0.576,0.653,0.496,0.138
1610612749,2024-25,0.585,115.5,43.4,25.5,13.4,0.486,0.387,0.75,7.3,4.7,8.2,35.1,17.9,115.1,112.7,2.4,99.92,0.598,0.607,0.491,0.133
1610612750,2024-25,0.598,114.3,44.3,26.1,14.5,0.468,0.377,0.789,8.0,5.0,11.1,33.2,18.3,115.7,110.8,5.0,97.95,0.588,0.637,0.507,0.146
1610612740,2024-25,0.256,109.8,43.6,25.8,14.6,0.452,0.347,0.754,8.5,5.2,12.1,31.5,18.3,109.7,119.1,-9.4,99.77,0.552,0.636,0.487,0.146
1610612752,2024-25,0.622,115.8,42.6,27.5,13.3,0.486,0.369,0.8,8.2,4.0,10.9,31.8,17.2,117.3,113.3,4.0,97.64,0.589,0.634,0.508,0.134
1610612760,2024-25,0.829,120.5,44.8,26.9,11.7,0.482,0.374,0.819,10.3,5.7,10.6,34.2,19.9,119.2,106.6,12.7,100.9,0.593,0.602,0.496,0.116
1610612753,2024-25,0.5,105.4,41.8,23.0,14.2,0.445,0.318,0.775,8.9,6.0,11.1,30.7,20.1,108.9,109.1,-0.2,96.51,0.55,0.603,0.501,0.147
1610612755,2024-25,0.293,109.6,39.8,23.2,13.6,0.454,0.341,0.78,9.2,4.5,10.4,29.4,19.0,111.0,117.3,-6.3,98.13,0.563,0.584,0.471,0.138
1610612756,2024-25,0.439,113.6,42.5,27.8,14.1,0.478,0.378,0.81,7.2,4.8,9.5,32.9,17.9,114.7,117.7,-3.0,98.31,0.595,0.673,0.493,0.142
1610612757,2024-25,0.439,110.9,44.8,23.8,16.0,0.45,0.342,0.762,8.3,5.3,13.4,31.4,19.0,111.0,113.7,-2.7,99.51,0.555,0.587,0.501,0.16
1610612758,2024-25,0.488,115.7,44.2,26.5,13.3,0.478,0.357,0.806,7.6,4.4,11.0,33.2,18.9,115.9,115.3,0.6,98.91,0.582,0.615,0.51,0.133
1610612759,2024-25,0.415,113.9,43.7,28.6,13.9,0.465,0.357,0.774,8.2,5.5,10.9,32.7,16.6,113.5,116.3,-2.8,100.08,0.575,0.685,0.485,0.138
1610612761,2024-25,0.366,110.9,45.1,28.5,15.3,0.458,0.348,0.748,8.1,4.2,12.6,32.5,21.2,109.6,113.6,-4.1,100.62,0.553,0.685,0.5,0.152
1610612762,2024-25,0.207,111.9,45.4,25.5,17.2,0.454,0.35,0.774,6.8,4.4,12.0,33.4,18.9,110.2,119.4,-9.2,100.85,0.568,0.633,0.508,0.17
1610612764,2024-25,0.22,108.0,43.7,25.1,15.6,0.439,0.335,0.778,7.6,5.1,10.6,33.1,19.7,105.8,118.0,-12.2,101.82,0.546,0.637,0.476,0.152
